,event,annot,sent_val,frame,lemma,fe,value,ent,is_ent
147,First_Battle_of_Newbury,First_Battle_of_Newbury_0_13_9,"Although the numbers of casualties were relatively small (1,300 Royalists and 1,200 Parliamentarians), historians who have studied the battle consider it to be one of the most crucial of the First English Civil War, marking the high point of the Royalist advance and leading to the signing of the Solemn League and Covenant, which brought the Scottish Covenanters into the war on the side of Parliament and led to the eventual victory of the Parliamentarian cause.",Causation,leading,Cause,one of the most crucial of the First English Civil War,First_English_Civil_War,1
148,First_Battle_of_Newbury,First_Battle_of_Newbury_0_13_9,"Although the numbers of casualties were relatively small (1,300 Royalists and 1,200 Parliamentarians), historians who have studied the battle consider it to be one of the most crucial of the First English Civil War, marking the high point of the Royalist advance and leading to the signing of the Solemn League and Covenant, which brought the Scottish Covenanters into the war on the side of Parliament and led to the eventual victory of the Parliamentarian cause.",Causation,leading,Effect,"to the signing of the Solemn League and Covenant, which brought the Scottish Covenanters into the war on the side of Parliament and led to the eventual victory of the Parliamentarian cause",Covenanters,1
149,First_Battle_of_Newbury,First_Battle_of_Newbury_0_13_9,"Although the numbers of casualties were relatively small (1,300 Royalists and 1,200 Parliamentarians), historians who have studied the battle consider it to be one of the most crucial of the First English Civil War, marking the high point of the Royalist advance and leading to the signing of the Solemn League and Covenant, which brought the Scottish Covenanters into the war on the side of Parliament and led to the eventual victory of the Parliamentarian cause.",Causation,leading,Effect,"to the signing of the Solemn League and Covenant, which brought the Scottish Covenanters into the war on the side of Parliament and led to the eventual victory of the Parliamentarian cause",Parliament_of_England,1
150,First_Battle_of_Newbury,First_Battle_of_Newbury_0_13_9,"Although the numbers of casualties were relatively small (1,300 Royalists and 1,200 Parliamentarians), historians who have studied the battle consider it to be one of the most crucial of the First English Civil War, marking the high point of the Royalist advance and leading to the signing of the Solemn League and Covenant, which brought the Scottish Covenanters into the war on the side of Parliament and led to the eventual victory of the Parliamentarian cause.",Causation,leading,Effect,"to the signing of the Solemn League and Covenant, which brought the Scottish Covenanters into the war on the side of Parliament and led to the eventual victory of the Parliamentarian cause",Roundhead,0
184,Irish_Confederate_Wars,Irish_Confederate_Wars_0_25_2,"This saw widespread killing of civilians and destruction of foodstuffs by the English army, who also brought an outbreak of bubonic plague.",Causation,brought,Effect,an outbreak of bubonic plague,Bubonic_plague,1
209,Siege_of_Colchester,Siege_of_Colchester_0_2_1,"The Parliamentarians' initial attack forced the Royalist army to retreat behind the town's walls, but they were unable to bring about victory, so they settled down to a siege.",Causation,forced,Cause,The Parliamentarians'initial attack,N/A,N/A
211,Siege_of_Colchester,Siege_of_Colchester_0_2_1,"The Parliamentarians' initial attack forced the Royalist army to retreat behind the town's walls, but they were unable to bring about victory, so they settled down to a siege.",Causation,forced,Effect,to retreat behind the town's walls,N/A,N/A
271,Siege_of_Thessalonica_(1422–1430),Siege_of_Thessalonica_(1422–1430)_0_8_3,"The blockade quickly reduced the inhabitants to near starvation, and led many to flee the city.",Causation,led,Cause,The blockade,N/A,N/A
272,Siege_of_Thessalonica_(1422–1430),Siege_of_Thessalonica_(1422–1430)_0_8_3,"The blockade quickly reduced the inhabitants to near starvation, and led many to flee the city.",Causation,led,Effect,to flee the city,N/A,N/A
358,Battle_of_Kasserine_Pass,Battle_of_Kasserine_Pass_0_4_0,"This result confirmed a prediction of Winston Churchill, who had strongly advocated that the invasion of France as laid out in the proposed 1942 plan Operation Roundup be delayed until the Allies could support such an ambitious undertaking, which would give the U.S. troops time to get up to speed with the realities of war against the experienced and well-equipped Germans.",Causation,result,Cause,result,N/A,N/A
401,Action_of_30_September_1639,Action_of_30_September_1639_0_2_0,"Bom Jesus was set alight and allowed to drift toward the new galleon São Boaventura, which was refusing to surrender, causing São Boaventura to catch fire and blow up.",Causation,causing,Cause,which,N/A,N/A
403,Action_of_30_September_1639,Action_of_30_September_1639_0_2_0,"Bom Jesus was set alight and allowed to drift toward the new galleon São Boaventura, which was refusing to surrender, causing São Boaventura to catch fire and blow up.",Causation,causing,Effect,to catch fire and blow up,N/A,N/A
611,Battle_of_Handschuhsheim,Battle_of_Handschuhsheim_0_4_4,"In early 1795 many of France's enemies made peace, leaving only Austria and Great Britain in opposition.",Causation,leaving,Cause,In early 1795,N/A,N/A
614,Battle_of_Handschuhsheim,Battle_of_Handschuhsheim_0_4_4,"In early 1795 many of France's enemies made peace, leaving only Austria and Great Britain in opposition.",Causation,leaving,Effect,in opposition,N/A,N/A
903,Rhine_campaign_of_1795,Rhine_campaign_of_1795_0_12_1,"It is debatable whether Pichegru's treason, his bad generalship or the unrealistic expectations of the war planners in Paris was the actual cause of the French failure.",Causation,cause,Cause,"Pichegru's treason, his bad generalship or the unrealistic expectations of the war planners in Paris",Paris,1
904,Rhine_campaign_of_1795,Rhine_campaign_of_1795_0_12_1,"It is debatable whether Pichegru's treason, his bad generalship or the unrealistic expectations of the war planners in Paris was the actual cause of the French failure.",Causation,cause,Effect,of the French failure.,N/A,N/A
920,Second_Battle_of_Boulou,Second_Battle_of_Boulou_0_1_1,"This battle saw the French Army of the Eastern Pyrenees led by Jacques François Dugommier attacking the joint Spanish-Portuguese Army of Catalonia under Luis Firmín de Carvajal, Conde de la Unión.",Causation,saw,Cause,This battle,N/A,N/A
921,Second_Battle_of_Boulou,Second_Battle_of_Boulou_0_1_1,"This battle saw the French Army of the Eastern Pyrenees led by Jacques François Dugommier attacking the joint Spanish-Portuguese Army of Catalonia under Luis Firmín de Carvajal, Conde de la Unión.",Causation,saw,Effect,"the French Army of the Eastern Pyrenees led by Jacques François Dugommier attacking the joint Spanish-Portuguese Army of Catalonia under Luis Firmn de Carvajal, Conde de la Unión",Catalonia,1
922,Second_Battle_of_Boulou,Second_Battle_of_Boulou_0_1_1,"This battle saw the French Army of the Eastern Pyrenees led by Jacques François Dugommier attacking the joint Spanish-Portuguese Army of Catalonia under Luis Firmín de Carvajal, Conde de la Unión.",Causation,saw,Effect,"the French Army of the Eastern Pyrenees led by Jacques François Dugommier attacking the joint Spanish-Portuguese Army of Catalonia under Luis Firmn de Carvajal, Conde de la Unión",French_Royal_Army,1
923,Second_Battle_of_Boulou,Second_Battle_of_Boulou_0_1_1,"This battle saw the French Army of the Eastern Pyrenees led by Jacques François Dugommier attacking the joint Spanish-Portuguese Army of Catalonia under Luis Firmín de Carvajal, Conde de la Unión.",Causation,saw,Effect,"the French Army of the Eastern Pyrenees led by Jacques François Dugommier attacking the joint Spanish-Portuguese Army of Catalonia under Luis Firmn de Carvajal, Conde de la Unión",Imperial_German_Army,0
924,Second_Battle_of_Boulou,Second_Battle_of_Boulou_0_1_1,"This battle saw the French Army of the Eastern Pyrenees led by Jacques François Dugommier attacking the joint Spanish-Portuguese Army of Catalonia under Luis Firmín de Carvajal, Conde de la Unión.",Causation,saw,Effect,"the French Army of the Eastern Pyrenees led by Jacques François Dugommier attacking the joint Spanish-Portuguese Army of Catalonia under Luis Firmn de Carvajal, Conde de la Unión",Jacques_François_Dugommier,1
925,Second_Battle_of_Boulou,Second_Battle_of_Boulou_0_1_1,"This battle saw the French Army of the Eastern Pyrenees led by Jacques François Dugommier attacking the joint Spanish-Portuguese Army of Catalonia under Luis Firmín de Carvajal, Conde de la Unión.",Causation,saw,Effect,"the French Army of the Eastern Pyrenees led by Jacques François Dugommier attacking the joint Spanish-Portuguese Army of Catalonia under Luis Firmn de Carvajal, Conde de la Unión",Pyrenees,1
947,Siege_of_Calvi,Siege_of_Calvi_0_8_2,"Stuart and the French commander Raphaël de Casabianca then engaged in extended negotiations which led to first a truce and then, on 10 August, a capitulation.",Causation,led,Cause,which,N/A,N/A
948,Siege_of_Calvi,Siege_of_Calvi_0_8_2,"Stuart and the French commander Raphaël de Casabianca then engaged in extended negotiations which led to first a truce and then, on 10 August, a capitulation.",Causation,led,Effect,"to first a truce and then, on 10 August, a capitulation",N/A,N/A
1082,Yom_Kippur_War,Yom_Kippur_War_0_5_4,"Following the outbreak of hostilities, both the United States and the Soviet Union initiated massive resupply efforts to their respective allies during the war, which led to a near-confrontation between the two nuclear-armed superpowers.",Causation,led,Cause,which,N/A,N/A
1083,Yom_Kippur_War,Yom_Kippur_War_0_5_4,"Following the outbreak of hostilities, both the United States and the Soviet Union initiated massive resupply efforts to their respective allies during the war, which led to a near-confrontation between the two nuclear-armed superpowers.",Causation,led,Effect,to a near-confrontation between the two nuclear-armed superpowers,N/A,N/A
1156,Battle_of_Tabsor,Battle_of_Tabsor_0_11_2,"These operations began the Final Offensive, ultimately resulting in the destruction of the equivalent of an Ottoman army and the retreat in disarray of what remained of two armies.",Causation,resulting,Cause,These operations,N/A,N/A
1157,Battle_of_Tabsor,Battle_of_Tabsor_0_11_2,"These operations began the Final Offensive, ultimately resulting in the destruction of the equivalent of an Ottoman army and the retreat in disarray of what remained of two armies.",Causation,resulting,Effect,in the destruction of the equivalent of an Ottoman army and the retreat in disarray of what remained of two armies,Military_of_the_Ottoman_Empire,1
1196,Battles_of_Ramadi_(1917),Battles_of_Ramadi_(1917)_0_4_0,"This was caused by a combination of factors, including extreme heat that caused more casualties than enemy fire, bad weather, faulty British communications, and an effective Turkish defence.",Causation,caused,Effect,This,N/A,N/A
1197,Battles_of_Ramadi_(1917),Battles_of_Ramadi_(1917)_0_4_0,"This was caused by a combination of factors, including extreme heat that caused more casualties than enemy fire, bad weather, faulty British communications, and an effective Turkish defence.",Causation,caused,Cause,"by a combination of factors, including extreme heat that caused more casualties than enemy fire, bad weather, faulty British communications, and an effective Turkish defence",N/A,N/A
1256,Third_attack_on_Anzac_Cove,Third_attack_on_Anzac_Cove_0_7_2,"It had failed by midday; the Turks were caught by enfilade fire from the defenders' rifles and machine-guns, which caused around ten thousand casualties, including three thousand deaths.",Causation,caused,Cause,which,N/A,N/A
1257,Third_attack_on_Anzac_Cove,Third_attack_on_Anzac_Cove_0_7_2,"It had failed by midday; the Turks were caught by enfilade fire from the defenders' rifles and machine-guns, which caused around ten thousand casualties, including three thousand deaths.",Causation,caused,Effect,"around ten thousand casualties, including three thousand deaths",N/A,N/A
1415,Battle_of_Messines_(1917),Battle_of_Messines_(1917)_0_2_1,"The attack forced the Germans to move reserves to Flanders from the Arras and Aisne fronts, relieving pressure on the French.",Causation,forced,Cause,The attack,N/A,N/A
1416,Battle_of_Messines_(1917),Battle_of_Messines_(1917)_0_2_1,"The attack forced the Germans to move reserves to Flanders from the Arras and Aisne fronts, relieving pressure on the French.",Causation,forced,Effect,the Germans to move reserves to Flanders from the Arras and Aisne fronts,Arras,1
1417,Battle_of_Messines_(1917),Battle_of_Messines_(1917)_0_2_1,"The attack forced the Germans to move reserves to Flanders from the Arras and Aisne fronts, relieving pressure on the French.",Causation,forced,Effect,the Germans to move reserves to Flanders from the Arras and Aisne fronts,Flanders,1
1418,Battle_of_Messines_(1917),Battle_of_Messines_(1917)_0_2_1,"The attack forced the Germans to move reserves to Flanders from the Arras and Aisne fronts, relieving pressure on the French.",Causation,forced,Effect,the Germans to move reserves to Flanders from the Arras and Aisne fronts,Military_reserve,1
1419,Battle_of_Messines_(1917),Battle_of_Messines_(1917)_0_2_1,"The attack forced the Germans to move reserves to Flanders from the Arras and Aisne fronts, relieving pressure on the French.",Causation,forced,Effect,the Germans to move reserves to Flanders from the Arras and Aisne fronts,Third_Battle_of_the_Aisne,0
1791,Battle_of_Tigharghar,Battle_of_Tigharghar_0_1_0,Heavy gun-fire was exchanged between the two leading to a brief standoff.,Causation,leading,Cause,Heavy gun-fire was exchanged between the two,N/A,N/A
1792,Battle_of_Tigharghar,Battle_of_Tigharghar_0_1_0,Heavy gun-fire was exchanged between the two leading to a brief standoff.,Causation,leading,Effect,to a brief standoff,N/A,N/A
1876,Siege_of_Takatō_(1582),Siege_of_Takatō_(1582)_0_1_5,"After the destruction of the Takeda in Kai province in 1582, resulting in the death of Takeda Katsuyori and many others, Takeda Morinobu (also known as Nishina Morinobu), the fifth son of the famed Takeda Shingen, fortified himself within the .",Causation,resulting,Cause,the destruction of the Takeda in Kai province in 1582,Kai_Province,1
1877,Siege_of_Takatō_(1582),Siege_of_Takatō_(1582)_0_1_5,"After the destruction of the Takeda in Kai province in 1582, resulting in the death of Takeda Katsuyori and many others, Takeda Morinobu (also known as Nishina Morinobu), the fifth son of the famed Takeda Shingen, fortified himself within the .",Causation,resulting,Cause,the destruction of the Takeda in Kai province in 1582,Takeda_clan,1
1878,Siege_of_Takatō_(1582),Siege_of_Takatō_(1582)_0_1_5,"After the destruction of the Takeda in Kai province in 1582, resulting in the death of Takeda Katsuyori and many others, Takeda Morinobu (also known as Nishina Morinobu), the fifth son of the famed Takeda Shingen, fortified himself within the .",Causation,resulting,Effect,in the death of Takeda Katsuyori and many others,Takeda_Katsuyori,1
1879,Siege_of_Takatō_(1582),Siege_of_Takatō_(1582)_0_1_5,"After the destruction of the Takeda in Kai province in 1582, resulting in the death of Takeda Katsuyori and many others, Takeda Morinobu (also known as Nishina Morinobu), the fifth son of the famed Takeda Shingen, fortified himself within the .",Causation,resulting,Effect,in the death of Takeda Katsuyori and many others,Takeda_clan,0
1932,Appin_Murder,Appin_Murder_0_1_2,"The murder occurred in the aftermath of the Jacobite Rising of 1745 and led to the execution of James Stewart of the Glens, often characterized as a notorious miscarriage of justice.",Causation,led,Cause,The murder,N/A,N/A
1933,Appin_Murder,Appin_Murder_0_1_2,"The murder occurred in the aftermath of the Jacobite Rising of 1745 and led to the execution of James Stewart of the Glens, often characterized as a notorious miscarriage of justice.",Causation,led,Effect,"to the execution of James Stewart of the Glens, often characterized as a notorious miscarriage of justice",James_Stewart,1
1970,Juno_Beach,Juno_Beach_0_10_5,"The landings initially encountered heavy resistance from the German 716th Division; the preliminary bombardment proved less effective than had been hoped, and rough weather forced the first wave to be delayed until 07:35.",Causation,forced,Cause,rough weather,N/A,N/A
1971,Juno_Beach,Juno_Beach_0_10_5,"The landings initially encountered heavy resistance from the German 716th Division; the preliminary bombardment proved less effective than had been hoped, and rough weather forced the first wave to be delayed until 07:35.",Causation,forced,Effect,to be delayed until 07:35,N/A,N/A
2081,Battle_of_Dennewitz,Battle_of_Dennewitz_0_2_7,"The battle marked a turning point in the German Campaign of 1813 as not only did the Allied victory end Napoleon's hopes of capturing Berlin and knocking Prussia out of the war, but the severity of the French defeat was also the catalyst for the defection of Napoleon's primary German ally Bavaria and the erosion of fidelity in the Saxon Army toward the Napoleonic cause.",Causation,cause.,Cause,Napoleonic,Napoleon,0
2120,Battle_of_Vitebsk_(1812),Battle_of_Vitebsk_(1812)_0_9_5,"Unbeknownst to Napoleon, the Russian army retreated during the afternoon and night, which meant that the Emperor's plans for a major battle collapsed.",Causation,meant,Cause,which,N/A,N/A
2121,Battle_of_Vitebsk_(1812),Battle_of_Vitebsk_(1812)_0_9_5,"Unbeknownst to Napoleon, the Russian army retreated during the afternoon and night, which meant that the Emperor's plans for a major battle collapsed.",Causation,meant,Effect,that the Emperor's plans for a major battle collapsed,N/A,N/A
2217,The_Troubles,The_Troubles_0_26_4,"The Northern Ireland peace process led to paramilitary ceasefires and talks between the main political parties, which resulted in the Good Friday Agreement of 1998.",Causation,resulted,Cause,which,N/A,N/A
2218,The_Troubles,The_Troubles_0_26_4,"The Northern Ireland peace process led to paramilitary ceasefires and talks between the main political parties, which resulted in the Good Friday Agreement of 1998.",Causation,resulted,Effect,in the Good Friday Agreement of 1998,Good_Friday_Agreement,1
2386,Battle_of_Basra_(2008),Battle_of_Basra_(2008)_0_5_0,"More than 1,000 casualties resulted in six days of heavy fighting.",Causation,resulted,Cause,"More than 1,000 casualties",N/A,N/A
2387,Battle_of_Basra_(2008),Battle_of_Basra_(2008)_0_5_0,"More than 1,000 casualties resulted in six days of heavy fighting.",Causation,resulted,Effect,in six days of heavy fighting,N/A,N/A
2412,Battle_of_Shuja'iyya,Battle_of_Shuja'iyya_0_9_7,Residents interviewed afterwards by The Independent claimed lack of safe refuges and the difficulty of fleeing as reasons for staying put.,Causation,reasons,Cause,lack of safe refuges and the difficulty of fleeing,N/A,N/A
2413,Battle_of_Shuja'iyya,Battle_of_Shuja'iyya_0_9_7,Residents interviewed afterwards by The Independent claimed lack of safe refuges and the difficulty of fleeing as reasons for staying put.,Causation,reasons,Effect,for staying put,N/A,N/A
2474,Operation_Larchwood_4,Operation_Larchwood_4_0_1_3,"The raid was a major success, as a result of which intelligence was gathered which led to the finding and killing of Al Qaeda in Iraq's leader Abu Musab al-Zarqawi a few months later.",Causation,led,Cause,which,N/A,N/A
2475,Operation_Larchwood_4,Operation_Larchwood_4_0_1_3,"The raid was a major success, as a result of which intelligence was gathered which led to the finding and killing of Al Qaeda in Iraq's leader Abu Musab al-Zarqawi a few months later.",Causation,led,Effect,to the finding and killing of Al Qaeda in Iraq's leader Abu Musab al-Zarqawi a few months later,Abu_Musab_al-Zarqawi,1
2476,Operation_Larchwood_4,Operation_Larchwood_4_0_1_3,"The raid was a major success, as a result of which intelligence was gathered which led to the finding and killing of Al Qaeda in Iraq's leader Abu Musab al-Zarqawi a few months later.",Causation,led,Effect,to the finding and killing of Al Qaeda in Iraq's leader Abu Musab al-Zarqawi a few months later,Al-Qaeda,1
2477,Operation_Larchwood_4,Operation_Larchwood_4_0_1_3,"The raid was a major success, as a result of which intelligence was gathered which led to the finding and killing of Al Qaeda in Iraq's leader Abu Musab al-Zarqawi a few months later.",Causation,led,Effect,to the finding and killing of Al Qaeda in Iraq's leader Abu Musab al-Zarqawi a few months later,Iraq,1
3110,Second_Battle_of_Charasiab,Second_Battle_of_Charasiab_0_2_2,"In April 1880 a 1,200 strong force under Colonel Jenkins, including a half-battalion of the 92nd Highlanders, was sent from Kabul to Charasiab, to protect a supply column sent there to meet Lieutenant-General Stewart's division travelling from Kandahar to Kabul.",Causation,sent,Effect,to Charasiab,Char_Asiab,1
3190,Battle_on_Snowshoes,Battle_on_Snowshoes_0_8_1,This battle gave rise to the tale that Rogers escaped capture by sliding 400 feet (120 m) down a rockface to the frozen surface of Lake George.,Causation,gave,Cause,This battle,N/A,N/A
3191,Battle_on_Snowshoes,Battle_on_Snowshoes_0_8_1,This battle gave rise to the tale that Rogers escaped capture by sliding 400 feet (120 m) down a rockface to the frozen surface of Lake George.,Causation,gave,Effect,to the tale that Rogers escaped capture by sliding 400 feet ( 120 m) down a rockface to the frozen surface of Lake George,"Lake_George_(lake),_New_York",1
3192,Battle_on_Snowshoes,Battle_on_Snowshoes_0_8_1,This battle gave rise to the tale that Rogers escaped capture by sliding 400 feet (120 m) down a rockface to the frozen surface of Lake George.,Causation,gave,Effect,to the tale that Rogers escaped capture by sliding 400 feet ( 120 m) down a rockface to the frozen surface of Lake George,Rock_music,0
3256,Sinking_of_HMS_Avon,Sinking_of_HMS_Avon_0_1_2,"In the battle, the ship-rigged sloop of war USS Wasp forced the Cruizer-class brig-sloop HMS Avon to surrender.",Causation,forced,Cause,the ship-rigged sloop of war USS Wasp,Sloop-of-war,1
3257,Sinking_of_HMS_Avon,Sinking_of_HMS_Avon_0_1_2,"In the battle, the ship-rigged sloop of war USS Wasp forced the Cruizer-class brig-sloop HMS Avon to surrender.",Causation,forced,Cause,the ship-rigged sloop of war USS Wasp,USS_Wasp,1
3260,Sinking_of_HMS_Avon,Sinking_of_HMS_Avon_0_1_2,"In the battle, the ship-rigged sloop of war USS Wasp forced the Cruizer-class brig-sloop HMS Avon to surrender.",Causation,forced,Effect,to surrender,N/A,N/A
3336,Battle_of_Tarafiyah_(1907),Battle_of_Tarafiyah_(1907)_0_1_2,The battle took place on 24 September 1907 and resulted in a Saudi victory.,Causation,resulted,Cause,The battle,N/A,N/A
3337,Battle_of_Tarafiyah_(1907),Battle_of_Tarafiyah_(1907)_0_1_2,The battle took place on 24 September 1907 and resulted in a Saudi victory.,Causation,resulted,Effect,in a Saudi victory,Ibn_Saud,0
3350,Battle_of_Milazzo_(1860),Battle_of_Milazzo_(1860)_0_1_2,The main clash began on the morning of the 20 July on an open field leading to the cape on which Milazzo is located.,Causation,leading,Cause,an open field,N/A,N/A
3351,Battle_of_Milazzo_(1860),Battle_of_Milazzo_(1860)_0_1_2,The main clash began on the morning of the 20 July on an open field leading to the cape on which Milazzo is located.,Causation,leading,Effect,to the cape on which Milazzo is located,Milazzo,1
3518,Battle_of_Ban_Me_Thuot,Battle_of_Ban_Me_Thuot_0_0_0,The Battle of Ban Me Thuot was a decisive battle of the Vietnam War which led to the complete destruction of South Vietnam's II Corps Tactical Zone.,Causation,led,Cause,which,N/A,N/A
3519,Battle_of_Ban_Me_Thuot,Battle_of_Ban_Me_Thuot_0_0_0,The Battle of Ban Me Thuot was a decisive battle of the Vietnam War which led to the complete destruction of South Vietnam's II Corps Tactical Zone.,Causation,led,Effect,to the complete destruction of South Vietnam's II Corps Tactical Zone,II_Corps_(South_Vietnam),1
3520,Battle_of_Ban_Me_Thuot,Battle_of_Ban_Me_Thuot_0_0_0,The Battle of Ban Me Thuot was a decisive battle of the Vietnam War which led to the complete destruction of South Vietnam's II Corps Tactical Zone.,Causation,led,Effect,to the complete destruction of South Vietnam's II Corps Tactical Zone,South_Vietnam,1
3542,Battle_of_Coral–Balmoral,Battle_of_Coral–Balmoral_0_6_2,"By 12 May the fighting was over, and the PAVN/VC were forced to withdraw having suffered heavy casualties.",Causation,forced,Effect,to withdraw,N/A,N/A
3625,Gulf_of_Tonkin_incident,Gulf_of_Tonkin_incident_0_0_5,"The Gulf of Tonkin incident (Vietnamese: Sự kiện Vịnh Bắc Bộ), also known as the USS Maddox incident, was an international confrontation that led to the United States engaging more directly in the Vietnam War.",Causation,led,Cause,that,N/A,N/A
3626,Gulf_of_Tonkin_incident,Gulf_of_Tonkin_incident_0_0_5,"The Gulf of Tonkin incident (Vietnamese: Sự kiện Vịnh Bắc Bộ), also known as the USS Maddox incident, was an international confrontation that led to the United States engaging more directly in the Vietnam War.",Causation,led,Effect,to the United States engaging more directly in the Vietnam War,South_Vietnam,0
3627,Gulf_of_Tonkin_incident,Gulf_of_Tonkin_incident_0_0_5,"The Gulf of Tonkin incident (Vietnamese: Sự kiện Vịnh Bắc Bộ), also known as the USS Maddox incident, was an international confrontation that led to the United States engaging more directly in the Vietnam War.",Causation,led,Effect,to the United States engaging more directly in the Vietnam War,Vietnam_War,1
3705,War_in_Vietnam_(1959–1963),War_in_Vietnam_(1959–1963)_0_0_11,"The 1959 to 1963 phase of the Vietnam War started after the North Vietnamese had made a firm decision to commit to a military intervention in the guerrilla war in the South Vietnam, a buildup phase began, between the 1959 North Vietnamese decision and the Gulf of Tonkin Incident, which led to a major US escalation of its involvement.",Causation,led,Cause,which,N/A,N/A
3706,War_in_Vietnam_(1959–1963),War_in_Vietnam_(1959–1963)_0_0_11,"The 1959 to 1963 phase of the Vietnam War started after the North Vietnamese had made a firm decision to commit to a military intervention in the guerrilla war in the South Vietnam, a buildup phase began, between the 1959 North Vietnamese decision and the Gulf of Tonkin Incident, which led to a major US escalation of its involvement.",Causation,led,Effect,a major US escalation of its involvement,N/A,N/A
3842,Battle_of_Győr,Battle_of_Győr_0_7_4,"Görgei was not in the city at the start of the battle, because he was in Pest, and arrived to Győr only towards the end of the battle.",Causation,because,Effect,Görgei was not in the city at the start of the battle,N/A,N/A
3843,Battle_of_Győr,Battle_of_Győr_0_7_4,"Görgei was not in the city at the start of the battle, because he was in Pest, and arrived to Győr only towards the end of the battle.",Causation,because,Cause,"he was in Pest, and arrived to Gyr only towards the end of the battle",Hungarian_Revolution_of_1848,0
4429,Siege_of_Coevorden_(1592),Siege_of_Coevorden_(1592)_0_3_6,However a failed attack on the besiegers as well as desertions and disease meant the Spanish relief force had to retreat leaving Coevorden to its fate.,Causation,leaving,Effect,to its fate,N/A,N/A
4439,Siege_of_Grave_(1602),Siege_of_Grave_(1602)_0_3_2,The defeat was severe enough to cause a major mutiny in the Spanish army.,Causation,cause,Cause,The defeat,N/A,N/A
4440,Siege_of_Grave_(1602),Siege_of_Grave_(1602)_0_3_2,The defeat was severe enough to cause a major mutiny in the Spanish army.,Causation,cause,Effect,a major mutiny in the Spanish army,N/A,N/A
4480,Spanish_Armada,Spanish_Armada_0_3_7,"The aim was to overthrow Queen Elizabeth I and her establishment of Protestantism in England, to stop English interference in the Spanish Netherlands, and to stop the harm caused by English and Dutch privateering ships that disrupted Spanish interests in the Americas.",Causation,caused,Effect,the harm,N/A,N/A
4481,Spanish_Armada,Spanish_Armada_0_3_7,"The aim was to overthrow Queen Elizabeth I and her establishment of Protestantism in England, to stop English interference in the Spanish Netherlands, and to stop the harm caused by English and Dutch privateering ships that disrupted Spanish interests in the Americas.",Causation,caused,Cause,by English and Dutch privateering ships that disrupted Spanish interests in the Americas,Dutch_Republic,1
4651,Battle_of_Jutland,Battle_of_Jutland_0_11_2,"The German plan had been delayed, causing further problems for their submarines, which had reached the limit of their endurance at sea.",Causation,causing,Effect,"further problems for their submarines, which had reached the limit of their endurance at sea",U-boat,1
4653,Battle_of_Kämärä,Battle_of_Kämärä_0_2_11,"After taking the village, the Whites ambushed a Red train carrying a large cargo of weapons from Saint Petersburg, but were finally forced to leave the scene as they ran out of ammunition.",Causation,forced,Effect,to leave the scene,N/A,N/A
4654,Battle_of_Kämärä,Battle_of_Kämärä_0_2_11,"After taking the village, the Whites ambushed a Red train carrying a large cargo of weapons from Saint Petersburg, but were finally forced to leave the scene as they ran out of ammunition.",Causation,forced,Cause,as they ran out of ammunition,N/A,N/A
4715,Battle_of_Mahiwa,Battle_of_Mahiwa_0_1_3,"The Germans inflicted substantial casualties upon Van Deventer's army, forcing it to withdraw.",Causation,forcing,Cause,The Germans,N/A,N/A
4717,Battle_of_Mahiwa,Battle_of_Mahiwa_0_1_3,"The Germans inflicted substantial casualties upon Van Deventer's army, forcing it to withdraw.",Causation,forcing,Effect,to withdraw,N/A,N/A
5090,Kerensky–Krasnov_uprising,Kerensky–Krasnov_uprising_0_5_3,"The failure of the uprising led to Kerensky being forced to go into exile, eventually finding refuge in France and later the United States.",Causation,forced,Effect,to go into exile,N/A,N/A
5744,Actions_along_the_Matanikau,Actions_along_the_Matanikau_0_9_2,The second action forced the Japanese to retreat from their positions east of the Matanikau and hindered Japanese preparations for their planned major offensive on the U.S.,Causation,forced,Cause,The second action,N/A,N/A
5746,Actions_along_the_Matanikau,Actions_along_the_Matanikau_0_9_2,The second action forced the Japanese to retreat from their positions east of the Matanikau and hindered Japanese preparations for their planned major offensive on the U.S.,Causation,forced,Effect,to retreat from their positions east of the Matanikau,N/A,N/A
5774,Atomic_bombings_of_Hiroshima_and_Nagasaki,Atomic_bombings_of_Hiroshima_and_Nagasaki_0_19_8,"Supporters believe that the atomic bombings were necessary to bring a swift end to the war with minimal casualties, while critics argue that the Japanese government could have been brought to surrender through other means, while highlighting the moral and ethical implications of nuclear weapons and the deaths caused to civilians.",Causation,brought,Effect,to surrender through other means,N/A,N/A
5802,Battle_at_Borodino_Field,Battle_at_Borodino_Field_0_2_0,Georgy Zhukov (...this division [32nd] was forced to cross the arms with the enemy on the Borodino Field...).,Causation,forced,Effect,to cross the arms with the enemy on the Borodino Field ),Battle_of_Borodino,1
5877,Battle_of_Beda_Fomm,Battle_of_Beda_Fomm_0_10_2,"The British were unable to continue beyond El Agheila anyway, because of vehicle breakdowns, exhaustion and the effect of the much longer supply transport distance from the base in Egypt.",Causation,of,Effect,The British were unable to continue beyond El Agheila anyway,El_Agheila,1
5878,Battle_of_Beda_Fomm,Battle_of_Beda_Fomm_0_10_2,"The British were unable to continue beyond El Agheila anyway, because of vehicle breakdowns, exhaustion and the effect of the much longer supply transport distance from the base in Egypt.",Causation,of,Cause,"vehicle breakdowns, exhaustion and the effect of the much longer supply transport distance from the base in Egypt",Kingdom_of_Egypt,1
6076,Battle_of_Luzon,Battle_of_Luzon_0_1_1,The battle resulted in a U.S. and Filipino victory.,Causation,resulted,Cause,The battle,N/A,N/A
6077,Battle_of_Luzon,Battle_of_Luzon_0_1_1,The battle resulted in a U.S. and Filipino victory.,Causation,resulted,Effect,in a U.S. and Filipino victory,Filipino_language,0
6108,Battle_of_Mount_Tambu,Battle_of_Mount_Tambu_0_1_3,"The battle formed part of the wider Salamaua–Lae campaign and was fought in the final stages of the campaign, which had seen a combined Australian and US force advance from Wau towards Salamaua following the repulse of the Japanese attack on Wau in late January and early February 1943.",Causation,seen,Cause,which,N/A,N/A
6109,Battle_of_Mount_Tambu,Battle_of_Mount_Tambu_0_1_3,"The battle formed part of the wider Salamaua–Lae campaign and was fought in the final stages of the campaign, which had seen a combined Australian and US force advance from Wau towards Salamaua following the repulse of the Japanese attack on Wau in late January and early February 1943.",Causation,seen,Effect,a combined Australian and US force advance from Wau towards Salamaua following the repulse of the Japanese attack on Wau in late January and early February 1943,Battle_of_Wau,1
6110,Battle_of_Mount_Tambu,Battle_of_Mount_Tambu_0_1_3,"The battle formed part of the wider Salamaua–Lae campaign and was fought in the final stages of the campaign, which had seen a combined Australian and US force advance from Wau towards Salamaua following the repulse of the Japanese attack on Wau in late January and early February 1943.",Causation,seen,Effect,a combined Australian and US force advance from Wau towards Salamaua following the repulse of the Japanese attack on Wau in late January and early February 1943,Salamaua,1
6202,Battle_of_Sio,Battle_of_Sio_0_2_2,"Constant pressure from US Navy PT boats, Australian land forces and Allied aircraft brought the Japanese logistical system to the brink of collapse, resulting in disease, malnutrition, and privation for the Japanese soldiers.",Causation,resulting,Cause,"Constant pressure from US Navy PT boats, Australian land forces and Allied aircraft",Allies_of_World_War_II,1
6203,Battle_of_Sio,Battle_of_Sio_0_2_2,"Constant pressure from US Navy PT boats, Australian land forces and Allied aircraft brought the Japanese logistical system to the brink of collapse, resulting in disease, malnutrition, and privation for the Japanese soldiers.",Causation,resulting,Cause,"Constant pressure from US Navy PT boats, Australian land forces and Allied aircraft",Australia,1
6204,Battle_of_Sio,Battle_of_Sio_0_2_2,"Constant pressure from US Navy PT boats, Australian land forces and Allied aircraft brought the Japanese logistical system to the brink of collapse, resulting in disease, malnutrition, and privation for the Japanese soldiers.",Causation,resulting,Cause,"Constant pressure from US Navy PT boats, Australian land forces and Allied aircraft",United_States_Navy,1
6205,Battle_of_Sio,Battle_of_Sio_0_2_2,"Constant pressure from US Navy PT boats, Australian land forces and Allied aircraft brought the Japanese logistical system to the brink of collapse, resulting in disease, malnutrition, and privation for the Japanese soldiers.",Causation,resulting,Effect,"in disease, malnutrition, and privation for the Japanese soldiers",Empire_of_Japan,1
6206,Battle_of_Sio,Battle_of_Sio_0_2_2,"Constant pressure from US Navy PT boats, Australian land forces and Allied aircraft brought the Japanese logistical system to the brink of collapse, resulting in disease, malnutrition, and privation for the Japanese soldiers.",Causation,resulting,Effect,"in disease, malnutrition, and privation for the Japanese soldiers",Malnutrition,1
6207,Battle_of_Sittang_Bridge,Battle_of_Sittang_Bridge_0_6_4,"They disengaged from the enemy under cover of night, and fell back 30 miles (50 km) westwards along the track that led to the bridge.",Causation,led,Cause,that,N/A,N/A
6208,Battle_of_Sittang_Bridge,Battle_of_Sittang_Bridge_0_6_4,"They disengaged from the enemy under cover of night, and fell back 30 miles (50 km) westwards along the track that led to the bridge.",Causation,led,Effect,to the bridge,N/A,N/A
6468,Doolittle_Raid,Doolittle_Raid_0_18_3,"Doolittle initially believed that the loss of all his aircraft would lead to his court-martial, but he instead received the Medal of Honor and was promoted two ranks to brigadier general.",Causation,lead,Cause,the loss of all his aircraft,N/A,N/A
6469,Doolittle_Raid,Doolittle_Raid_0_18_3,"Doolittle initially believed that the loss of all his aircraft would lead to his court-martial, but he instead received the Medal of Honor and was promoted two ranks to brigadier general.",Causation,lead,Effect,to his court-martial,Court-martial,1
6574,Italian_invasion_of_France,Italian_invasion_of_France_0_5_5,"The two sides exchanged air raids on the first day of war, but little transpired on the Alpine front, since France and Italy had defensive strategies.",Causation,since,Effect,little transpired on the Alpine front,N/A,N/A
6575,Italian_invasion_of_France,Italian_invasion_of_France_0_5_5,"The two sides exchanged air raids on the first day of war, but little transpired on the Alpine front, since France and Italy had defensive strategies.",Causation,since,Cause,France and Italy had defensive strategies,French_Third_Republic,1
6576,Italian_invasion_of_France,Italian_invasion_of_France_0_5_5,"The two sides exchanged air raids on the first day of war, but little transpired on the Alpine front, since France and Italy had defensive strategies.",Causation,since,Cause,France and Italy had defensive strategies,Kingdom_of_Italy,1
6785,Operation_Greif,Operation_Greif_0_2_4,"German soldiers, wearing captured British and U.S. Army uniforms and using captured Allied vehicles, were to cause confusion in the rear of the Allied lines.",Causation,cause,Effect,confusion in the rear of the Allied lines,Allies_of_World_War_II,1
6978,Second_Great_Fire_of_London,Second_Great_Fire_of_London_0_1_3,"The Luftwaffe raid caused fires over an area greater than that of the Great Fire of London in 1666, leading one American correspondent to say in a cable to his office that The second Great Fire of London has begun.",Causation,leading,Cause,The Luftwaffe raid,Luftwaffe,1
6980,Second_Great_Fire_of_London,Second_Great_Fire_of_London_0_1_3,"The Luftwaffe raid caused fires over an area greater than that of the Great Fire of London in 1666, leading one American correspondent to say in a cable to his office that The second Great Fire of London has begun.",Causation,leading,Effect,to say in a cable to his office that The second Great Fire of London has begun,Great_Fire_of_London,1
6981,Second_Great_Fire_of_London,Second_Great_Fire_of_London_0_1_3,"The Luftwaffe raid caused fires over an area greater than that of the Great Fire of London in 1666, leading one American correspondent to say in a cable to his office that The second Great Fire of London has begun.",Causation,leading,Effect,to say in a cable to his office that The second Great Fire of London has begun,London,1
7097,Worek_Plan,Worek_Plan_0_2_5,"It caused the submarines to operate in a confined area near the shore in shallow waters, making them vulnerable to strong enemy anti-submarine forces.",Causation,making,Effect,vulnerable to strong enemy anti-submarine forces,Submarine,1
7213,Battle_of_Shangcai,Battle_of_Shangcai_0_0_2,"Battle of Shangcai was a series of clashes fought between the nationalists and the communists during Chinese Civil War in the post World War II era, and resulted in the communist victory.",Causation,resulted,Cause,Battle of Shangcai,Shangcai_County,1
7214,Battle_of_Shangcai,Battle_of_Shangcai_0_0_2,"Battle of Shangcai was a series of clashes fought between the nationalists and the communists during Chinese Civil War in the post World War II era, and resulted in the communist victory.",Causation,resulted,Effect,in the communist victory,N/A,N/A
7243,Campaign_to_Suppress_Bandits_in_Central_and_Southern_China,Campaign_to_Suppress_Bandits_in_Central_and_Southern_China_0_1_3,"The campaign was fought during the Chinese Civil War in the post-World War II era in six Chinese provinces: Henan, Hubei, Hunan, Jiangxi, Guangdong and Guangxi, and resulted in a Communist victory.",Causation,resulted,Cause,The campaign,N/A,N/A
7244,Campaign_to_Suppress_Bandits_in_Central_and_Southern_China,Campaign_to_Suppress_Bandits_in_Central_and_Southern_China_0_1_3,"The campaign was fought during the Chinese Civil War in the post-World War II era in six Chinese provinces: Henan, Hubei, Hunan, Jiangxi, Guangdong and Guangxi, and resulted in a Communist victory.",Causation,resulted,Effect,in a Communist victory,N/A,N/A
7322,Shanghai_massacre,Shanghai_massacre_0_2_1,"The purge led to an open split between left and right wing factions in the KMT, with Chiang Kai-shek establishing himself as the leader of the right wing faction based in Nanjing, in opposition to the original left-wing KMT government based in Wuhan led by Wang Jingwei.",Causation,led,Cause,The purge,The_Purge,0
7323,Shanghai_massacre,Shanghai_massacre_0_2_1,"The purge led to an open split between left and right wing factions in the KMT, with Chiang Kai-shek establishing himself as the leader of the right wing faction based in Nanjing, in opposition to the original left-wing KMT government based in Wuhan led by Wang Jingwei.",Causation,led,Effect,to an open split between left and right wing factions in the KMT,N/A,N/A
7448,Battle_of_Curupayty,Battle_of_Curupayty_0_4_4,"The Brazilian Navy gave support to the 20,000 assailants, but the ships had to keep some distance from the guns at the fortress of Humaitá, which led to the lack of accuracy and impact of the ship's fire.",Causation,led,Cause,which,N/A,N/A
7449,Battle_of_Curupayty,Battle_of_Curupayty_0_4_4,"The Brazilian Navy gave support to the 20,000 assailants, but the ships had to keep some distance from the guns at the fortress of Humaitá, which led to the lack of accuracy and impact of the ship's fire.",Causation,led,Effect,to the lack of accuracy and impact of the ship's fire,N/A,N/A
8030,Battle_of_Dongshan_Island,Battle_of_Dongshan_Island_0_1_0,It resulted in the Communists taking the island from the nationalists.,Causation,resulted,Cause,It,N/A,N/A
8031,Battle_of_Dongshan_Island,Battle_of_Dongshan_Island_0_1_0,It resulted in the Communists taking the island from the nationalists.,Causation,resulted,Effect,in the Communists taking the island from the nationalists,Kuomintang,1
8089,Battle_of_Kujin,Battle_of_Kujin_0_4_4,"A platoon-sized reconnaissance patrol crossed the river using debris from the destroyed span; however, it was soon forced to withdraw by KPA holding the high ground.",Causation,forced,Effect,to withdraw,N/A,N/A
8090,Battle_of_Kujin,Battle_of_Kujin_0_4_4,"A platoon-sized reconnaissance patrol crossed the river using debris from the destroyed span; however, it was soon forced to withdraw by KPA holding the high ground.",Causation,forced,Cause,by KPA holding the high ground,N/A,N/A
8165,Battle_of_Route_Coloniale_4,Battle_of_Route_Coloniale_4_0_6_2,The battle lasted from 30 September to 18 October 1950 and resulted in a French defeat.,Causation,resulted,Cause,The battle,N/A,N/A
8166,Battle_of_Route_Coloniale_4,Battle_of_Route_Coloniale_4_0_6_2,The battle lasted from 30 September to 18 October 1950 and resulted in a French defeat.,Causation,resulted,Effect,in a French defeat,N/A,N/A
8179,Battle_of_Sunchon_(air),Battle_of_Sunchon_(air)_0_3_2,Its experience in the battle led to No. 77,Causation,led,Cause,Its experience in the battle,N/A,N/A
8180,Battle_of_Sunchon_(air),Battle_of_Sunchon_(air)_0_3_2,Its experience in the battle led to No. 77,Causation,led,Effect,to No. 77,N/A,N/A
8364,First_Indochina_War,First_Indochina_War_0_22_7,The strategy of pushing the Việt Minh into attacking well-defended bases in remote parts of the country at the end of their logistical trails was validated at the Battle of Nà Sản even though the base was relatively weak because of a lack of concrete and steel.,Causation,because,Effect,the base was relatively weak,N/A,N/A
8365,First_Indochina_War,First_Indochina_War_0_22_7,The strategy of pushing the Việt Minh into attacking well-defended bases in remote parts of the country at the end of their logistical trails was validated at the Battle of Nà Sản even though the base was relatively weak because of a lack of concrete and steel.,Causation,because,Cause,a lack of concrete and steel,N/A,N/A
8541,Operation_Blaze,Operation_Blaze_0_2_5,"Although the Australians were able to take some of the PVA positions on the hill, they did not achieve all of their objectives and were eventually forced to withdraw after running out of ammunition.",Causation,forced,Effect,to withdraw,N/A,N/A
8542,Operation_Blaze,Operation_Blaze_0_2_5,"Although the Australians were able to take some of the PVA positions on the hill, they did not achieve all of their objectives and were eventually forced to withdraw after running out of ammunition.",Causation,forced,Cause,after running out of ammunition,N/A,N/A
8585,Operation_Miracle_(Rhodesia),Operation_Miracle_(Rhodesia)_0_1_2,ZANLA put up stiff resistance and the tactical success of the RSF did not lead to the expected strategic changes.,Causation,lead,Cause,the tactical success of the RSF,N/A,N/A
8586,Operation_Miracle_(Rhodesia),Operation_Miracle_(Rhodesia)_0_1_2,ZANLA put up stiff resistance and the tactical success of the RSF did not lead to the expected strategic changes.,Causation,lead,Effect,to the expected strategic changes,N/A,N/A
8601,Operation_Rimon_20,Operation_Rimon_20_0_8_4,Egyptian military leaders were pleased with the outcome of the battle because the Soviets had long been criticizing Egypt's aerial losses to Israel and attributing them to a lack of skill among Egyptian fighter pilots.,Causation,because,Effect,Egyptian military leaders were pleased with the outcome of the battle,Egypt,1
8602,Operation_Rimon_20,Operation_Rimon_20_0_8_4,Egyptian military leaders were pleased with the outcome of the battle because the Soviets had long been criticizing Egypt's aerial losses to Israel and attributing them to a lack of skill among Egyptian fighter pilots.,Causation,because,Cause,the Soviets had long been criticizing Egypt's aerial losses to Israel and attributing them to a lack of skill among Egyptian fighter pilots,Egypt,1
8603,Operation_Rimon_20,Operation_Rimon_20_0_8_4,Egyptian military leaders were pleased with the outcome of the battle because the Soviets had long been criticizing Egypt's aerial losses to Israel and attributing them to a lack of skill among Egyptian fighter pilots.,Causation,because,Cause,the Soviets had long been criticizing Egypt's aerial losses to Israel and attributing them to a lack of skill among Egyptian fighter pilots,Fighter_aircraft,1
8604,Operation_Rimon_20,Operation_Rimon_20_0_8_4,Egyptian military leaders were pleased with the outcome of the battle because the Soviets had long been criticizing Egypt's aerial losses to Israel and attributing them to a lack of skill among Egyptian fighter pilots.,Causation,because,Cause,the Soviets had long been criticizing Egypt's aerial losses to Israel and attributing them to a lack of skill among Egyptian fighter pilots,Israel,1
8605,Operation_Rimon_20,Operation_Rimon_20_0_8_4,Egyptian military leaders were pleased with the outcome of the battle because the Soviets had long been criticizing Egypt's aerial losses to Israel and attributing them to a lack of skill among Egyptian fighter pilots.,Causation,because,Cause,the Soviets had long been criticizing Egypt's aerial losses to Israel and attributing them to a lack of skill among Egyptian fighter pilots,Soviet_Union,1
8640,Outpost_Harry,Outpost_Harry_0_3_0,"Since the outpost was defended each night by only a single company of American or Greek soldiers, the PVA had anticipated an easy capture.",Causation,Since,Cause,the outpost was defended each night by only a single company of American or Greek soldiers,N/A,N/A
8641,Outpost_Harry,Outpost_Harry_0_3_0,"Since the outpost was defended each night by only a single company of American or Greek soldiers, the PVA had anticipated an easy capture.",Causation,Since,Effect,the PVA had anticipated an easy capture,N/A,N/A
9022,Battles_of_Saratoga,Battles_of_Saratoga_0_9_6,"Burgoyne was therefore compelled to retreat, and his army was surrounded by the much larger American force at Saratoga, forcing him to surrender on October 17.",Causation,forcing,Effect,to surrender on October 17,N/A,N/A
9028,Boston_campaign,Boston_campaign_0_4_5,"The main action during the siege, the Battle of Bunker Hill on June 17, 1775, was one of the bloodiest encounters of the war, and resulted in a Pyrrhic British victory.",Causation,resulted,Cause,"The main action during the siege, the Battle of Bunker Hill on June 17, 1775",Battle_of_Bunker_Hill,1
9029,Boston_campaign,Boston_campaign_0_4_5,"The main action during the siege, the Battle of Bunker Hill on June 17, 1775, was one of the bloodiest encounters of the war, and resulted in a Pyrrhic British victory.",Causation,resulted,Effect,in a Pyrrhic British victory,N/A,N/A
9093,Raid_on_Charlottetown_(1775),Raid_on_Charlottetown_(1775)_0_3_1,"The raid resulted in a diplomatic crisis for George Washington when the privateers overstepped their orders and took prisoner the Acting Governor, the Naval Commander and the Surveyor General of the colony.",Causation,resulted,Cause,The raid,N/A,N/A
9094,Raid_on_Charlottetown_(1775),Raid_on_Charlottetown_(1775)_0_3_1,"The raid resulted in a diplomatic crisis for George Washington when the privateers overstepped their orders and took prisoner the Acting Governor, the Naval Commander and the Surveyor General of the colony.",Causation,resulted,Effect,"in a diplomatic crisis for George Washington when the privateers overstepped their orders and took prisoner the Acting Governor, the Naval Commander and the Surveyor General of the colony",George_Washington,1
9095,Raid_on_Charlottetown_(1775),Raid_on_Charlottetown_(1775)_0_3_1,"The raid resulted in a diplomatic crisis for George Washington when the privateers overstepped their orders and took prisoner the Acting Governor, the Naval Commander and the Surveyor General of the colony.",Causation,resulted,Effect,"in a diplomatic crisis for George Washington when the privateers overstepped their orders and took prisoner the Acting Governor, the Naval Commander and the Surveyor General of the colony",Governor,1
9337,Battle_of_Wisconsin_Heights,Battle_of_Wisconsin_Heights_0_3_1,This reprieve was temporary; when the militia finally caught up with the fleeing band it resulted in the Bad Axe massacre at the mouth of the Bad Axe River.,Causation,resulted,Cause,it,N/A,N/A
9338,Battle_of_Wisconsin_Heights,Battle_of_Wisconsin_Heights_0_3_1,This reprieve was temporary; when the militia finally caught up with the fleeing band it resulted in the Bad Axe massacre at the mouth of the Bad Axe River.,Causation,resulted,Effect,in the Bad Axe massacre at the mouth of the Bad Axe River,Battle_of_Bad_Axe,1
9551,Action_of_10_December_1800,Action_of_10_December_1800_0_8_0,The British sailors were left to respond to the Spanish cannon fire with no more than small arms fire.,Causation,left,Effect,to respond to the Spanish cannon fire with no more than small arms fire,Naval_artillery_in_the_Age_of_Sail,1
9619,Action_of_29_November_1811,Action_of_29_November_1811_0_4_5,"The action of November 1811 was the result of the British interception of a French military convoy traveling from Corfu to Trieste with a consignment of cannon, and resulted in a British victory, only one French ship escaping capture by the British force.",Causation,resulted,Cause,The action of November 1811,N/A,N/A
9620,Action_of_29_November_1811,Action_of_29_November_1811_0_4_5,"The action of November 1811 was the result of the British interception of a French military convoy traveling from Corfu to Trieste with a consignment of cannon, and resulted in a British victory, only one French ship escaping capture by the British force.",Causation,resulted,Effect,in a British victory,N/A,N/A
9939,Battle_of_Grand_Port,Battle_of_Grand_Port_0_8_8,"In response, the British authorities sought to reinforce the squadron on Île Bourbon under Josias Rowley by ordering all available ships to the region, but this piecemeal reinforcement resulted in a series of desperate actions as individual British ships were attacked by the confident and more powerful French squadron.",Causation,resulted,Cause,this piecemeal reinforcement,N/A,N/A
9940,Battle_of_Grand_Port,Battle_of_Grand_Port_0_8_8,"In response, the British authorities sought to reinforce the squadron on Île Bourbon under Josias Rowley by ordering all available ships to the region, but this piecemeal reinforcement resulted in a series of desperate actions as individual British ships were attacked by the confident and more powerful French squadron.",Causation,resulted,Effect,in a series of desperate actions as individual British ships were attacked by the confident and more powerful French squadron,N/A,N/A
9982,Battle_of_Kock_(1809),Battle_of_Kock_(1809)_0_1_1,"The battle saw the death of Polish Army colonel Berek Joselewicz, fighting against the Austrian Empire for the freedom of Poland.",Causation,saw,Cause,The battle,N/A,N/A
9983,Battle_of_Kock_(1809),Battle_of_Kock_(1809)_0_1_1,"The battle saw the death of Polish Army colonel Berek Joselewicz, fighting against the Austrian Empire for the freedom of Poland.",Causation,saw,Effect,the death of Polish Army colonel Berek Joselewicz,Berek_Joselewicz,1
11011,Siege_of_Prague,Siege_of_Prague_0_9_3,"Frederick was defeated at the Battle of Kolín and his force was now too weak to contemplate continuing the siege of Prague, and he was forced to withdraw from Bohemia entirely.",Causation,forced,Effect,to withdraw from Bohemia entirely.,Bohemia,1
11114,Great_Raid_of_1322,Great_Raid_of_1322_0_1_6,"The raid began by attacking the area around Carlisle then crossed into Yorkshire and penetrated ultimately as far as the East Riding, resulting in property being burned and destroyed, valuables from the wealthy and abbeys being stolen, and some residents and livestock being captured and taken back to Scotland.",Causation,resulting,Effect,"in property being burned and destroyed, valuables from the wealthy and abbeys being stolen, and some residents and livestock being captured and taken back to Scotland",N/A,N/A
11760,Battle_of_Ball's_Bluff,Battle_of_Ball's_Bluff_0_2_5,"A false report of an unguarded Confederate camp encouraged Brigadier General Charles Pomeroy Stone to order a raid, which resulted in a clash with enemy forces.",Causation,resulted,Cause,which,N/A,N/A
11761,Battle_of_Ball's_Bluff,Battle_of_Ball's_Bluff_0_2_5,"A false report of an unguarded Confederate camp encouraged Brigadier General Charles Pomeroy Stone to order a raid, which resulted in a clash with enemy forces.",Causation,resulted,Effect,in a clash with enemy forces,N/A,N/A
11855,Battle_of_Fairfax_Court_House_(June_1861),Battle_of_Fairfax_Court_House_(June_1861)_0_1_2,"On June 1, 1861, a Union scouting party clashed with the local militia in the village of Fairfax, Virginia, resulting in the first deaths in action, and the first wounding of a field-grade officer.",Causation,resulting,Effect,"in the first deaths in action, and the first wounding of a field-grade officer",Field_officer,1
11865,Battle_of_Folck's_Mill,Battle_of_Folck's_Mill_0_10_1,"After initially repulsing a charge by the Confederate cavalry, Stough was forced to retreat across the Potomac when the 21st Virginia successfully constructed a bridge and crossed the canal on his left flank.",Causation,forced,Effect,to retreat across the Potomac,Potomac_River,1
11866,Battle_of_Folck's_Mill,Battle_of_Folck's_Mill_0_10_1,"After initially repulsing a charge by the Confederate cavalry, Stough was forced to retreat across the Potomac when the 21st Virginia successfully constructed a bridge and crossed the canal on his left flank.",Causation,forced,Cause,when the 21st Virginia successfully constructed a bridge and crossed the canal on his left flank,Virginia_in_the_American_Civil_War,1
12128,Capture_of_New_Orleans,Capture_of_New_Orleans_0_0_2,"The capture of New Orleans (April 25 – May 1, 1862) during the American Civil War was a turning point in the war, which precipitated the capture of the Mississippi River.",Causation,precipitated,Cause,which,N/A,N/A
12129,Capture_of_New_Orleans,Capture_of_New_Orleans_0_0_2,"The capture of New Orleans (April 25 – May 1, 1862) during the American Civil War was a turning point in the war, which precipitated the capture of the Mississippi River.",Causation,precipitated,Effect,the capture of the Mississippi River,Mississippi_River,1
12248,Siege_of_Corinth,Siege_of_Corinth_0_13_5,"In Memphis I could see its effects upon the citizens, and they openly admitted that their cause had sustained a death-blow.",Causation,cause,Cause,cause,N/A,N/A
12374,Kosovo_War,Kosovo_War_0_15_4,"The NATO bombing campaign has remained controversial, as it did not gain the approval of the UN Security Council and because it caused at least 488 Yugoslav civilian deaths, including substantial numbers of Kosovar refugees.",Causation,caused,Cause,it,N/A,N/A
12375,Kosovo_War,Kosovo_War_0_15_4,"The NATO bombing campaign has remained controversial, as it did not gain the approval of the UN Security Council and because it caused at least 488 Yugoslav civilian deaths, including substantial numbers of Kosovar refugees.",Causation,caused,Effect,"at least 488 Yugoslav civilian deaths, including substantial numbers of Kosovar refugees",Serbia_and_Montenegro,0
12421,Battle_of_Almansa,Battle_of_Almansa_0_2_0,The result was a decisive Bourbon victory that reclaimed most of eastern Spain for Philip.,Causation,result,Effect,result,N/A,N/A
12450,Battle_of_Trenčín,Battle_of_Trenčín_0_2_1,"The battle caused great losses for the Kuruc army, forcing them to give up their plans of obtaining allies in the War of the Spanish Succession against the Habsburgs.",Causation,caused,Cause,The battle,N/A,N/A
12451,Battle_of_Trenčín,Battle_of_Trenčín_0_2_1,"The battle caused great losses for the Kuruc army, forcing them to give up their plans of obtaining allies in the War of the Spanish Succession against the Habsburgs.",Causation,caused,Effect,great losses,N/A,N/A
12738,United_States_invasion_of_Afghanistan,United_States_invasion_of_Afghanistan_0_3_2,"It followed the Afghan Civil War's 1996–2001 phase between the Taliban and the Northern Alliance groups, which resulted in the Taliban controlling 90% of the country by 2001.",Causation,resulted,Cause,which,N/A,N/A
12739,United_States_invasion_of_Afghanistan,United_States_invasion_of_Afghanistan_0_3_2,"It followed the Afghan Civil War's 1996–2001 phase between the Taliban and the Northern Alliance groups, which resulted in the Taliban controlling 90% of the country by 2001.",Causation,resulted,Effect,in the Taliban controlling 90% of the country by 2001,Taliban_insurgency,1
12964,Siege_of_Ochakov_(1788),Siege_of_Ochakov_(1788)_0_17_4,"On the night of December 6 (December 17 in the Gregorian calendar), the Russians attacked, and captured Hasan Pasha's palace, forcing its guards to surrender.",Causation,forcing,Effect,to surrender,N/A,N/A
13325,Battle_of_Landen,Battle_of_Landen_0_10_12,"Like Steenkerque the previous year, Landen was yet another French victory that failed to achieve the decisive result needed to end the war; the Allies quickly replaced their losses, leaving the overall position unchanged.",Causation,leaving,Effect,unchanged,N/A,N/A
13381,Siege_of_Bonn_(1689),Siege_of_Bonn_(1689)_0_5_2,"In June 1689 Brandenburg took Kaiserswerth, leaving Bonn as the only major settlement in Cologne not in Allied hands.",Causation,leaving,Cause,Brandenburg took Kaiserswerth,Brandenburg-Prussia,1
13382,Siege_of_Bonn_(1689),Siege_of_Bonn_(1689)_0_5_2,"In June 1689 Brandenburg took Kaiserswerth, leaving Bonn as the only major settlement in Cologne not in Allied hands.",Causation,leaving,Cause,Brandenburg took Kaiserswerth,Düsseldorf-Kaiserswerth,1
13384,Siege_of_Bonn_(1689),Siege_of_Bonn_(1689)_0_5_2,"In June 1689 Brandenburg took Kaiserswerth, leaving Bonn as the only major settlement in Cologne not in Allied hands.",Causation,leaving,Effect,as the only major settlement in Cologne not in Allied hands,Electorate_of_Cologne,1
13607,Taos_Revolt,Taos_Revolt_0_3_1,"While US troops were overwhelmingly victorious, it did result in the New Mexico Territory forming with proper representation and recognition for Santa Fe de Nuevo México's citizenry in the Treaty of Guadalupe Hidalgo.",Causation,result,Cause,it,N/A,N/A
13608,Taos_Revolt,Taos_Revolt_0_3_1,"While US troops were overwhelmingly victorious, it did result in the New Mexico Territory forming with proper representation and recognition for Santa Fe de Nuevo México's citizenry in the Treaty of Guadalupe Hidalgo.",Causation,result,Effect,in the New Mexico Territory forming with proper representation and recognition for Santa Fe de Nuevo México's citizenry in the Treaty of Guadalupe Hidalgo,Miguel_Hidalgo_y_Costilla,0
13609,Taos_Revolt,Taos_Revolt_0_3_1,"While US troops were overwhelmingly victorious, it did result in the New Mexico Territory forming with proper representation and recognition for Santa Fe de Nuevo México's citizenry in the Treaty of Guadalupe Hidalgo.",Causation,result,Effect,in the New Mexico Territory forming with proper representation and recognition for Santa Fe de Nuevo México's citizenry in the Treaty of Guadalupe Hidalgo,New_Mexico_Territory,1
13610,Taos_Revolt,Taos_Revolt_0_3_1,"While US troops were overwhelmingly victorious, it did result in the New Mexico Territory forming with proper representation and recognition for Santa Fe de Nuevo México's citizenry in the Treaty of Guadalupe Hidalgo.",Causation,result,Effect,in the New Mexico Territory forming with proper representation and recognition for Santa Fe de Nuevo México's citizenry in the Treaty of Guadalupe Hidalgo,Our_Lady_of_Guadalupe,0
13611,Taos_Revolt,Taos_Revolt_0_3_1,"While US troops were overwhelmingly victorious, it did result in the New Mexico Territory forming with proper representation and recognition for Santa Fe de Nuevo México's citizenry in the Treaty of Guadalupe Hidalgo.",Causation,result,Effect,in the New Mexico Territory forming with proper representation and recognition for Santa Fe de Nuevo México's citizenry in the Treaty of Guadalupe Hidalgo,Santa_Fe_de_Nuevo_México,1
14463,Siege_of_Brescia,Siege_of_Brescia_0_3_7,Emperor Frederick began the siege on 11 July 1238 and it lasted until a successful sortie by the city's defenders in early October forced him to lift the siege.,Causation,forced,Cause,a successful sortie by the city's defenders in early October,N/A,N/A
14465,Siege_of_Brescia,Siege_of_Brescia_0_3_7,Emperor Frederick began the siege on 11 July 1238 and it lasted until a successful sortie by the city's defenders in early October forced him to lift the siege.,Causation,forced,Effect,to lift the siege,N/A,N/A
16808,Battle_of_Borovo_Selo,Battle_of_Borovo_Selo_0_8_4,The clash in Borovo Selo eliminated any hopes that the escalating conflict could be defused politically and made the war almost inevitable.,Causation,made,Cause,Selo,N/A,N/A
16809,Battle_of_Borovo_Selo,Battle_of_Borovo_Selo_0_8_4,The clash in Borovo Selo eliminated any hopes that the escalating conflict could be defused politically and made the war almost inevitable.,Causation,made,Effect,almost inevitable,N/A,N/A
16899,Siege_of_Jerusalem_(1099),Siege_of_Jerusalem_(1099)_0_0_3,"The siege of Jerusalem (7 June – 15 July 1099) was waged by European forces of the First Crusade, resulting in the capture of the Holy City of Jerusalem from the Muslim Fatimid Caliphate, and laying the foundation for the Christian Kingdom of Jerusalem, which lasted almost two centuries.",Causation,resulting,Effect,"in the capture of the Holy City of Jerusalem from the Muslim Fatimid Caliphate, and laying the foundation for the Christian Kingdom of Jerusalem, which lasted almost two centuries",Fatimid_Caliphate,1
16900,Siege_of_Jerusalem_(1099),Siege_of_Jerusalem_(1099)_0_0_3,"The siege of Jerusalem (7 June – 15 July 1099) was waged by European forces of the First Crusade, resulting in the capture of the Holy City of Jerusalem from the Muslim Fatimid Caliphate, and laying the foundation for the Christian Kingdom of Jerusalem, which lasted almost two centuries.",Causation,resulting,Effect,"in the capture of the Holy City of Jerusalem from the Muslim Fatimid Caliphate, and laying the foundation for the Christian Kingdom of Jerusalem, which lasted almost two centuries",Kingdom_of_Jerusalem,1
16901,Siege_of_Jerusalem_(1099),Siege_of_Jerusalem_(1099)_0_0_3,"The siege of Jerusalem (7 June – 15 July 1099) was waged by European forces of the First Crusade, resulting in the capture of the Holy City of Jerusalem from the Muslim Fatimid Caliphate, and laying the foundation for the Christian Kingdom of Jerusalem, which lasted almost two centuries.",Causation,resulting,Effect,"in the capture of the Holy City of Jerusalem from the Muslim Fatimid Caliphate, and laying the foundation for the Christian Kingdom of Jerusalem, which lasted almost two centuries",Muslims,1
17262,Battle_of_Sędziejowice,Battle_of_Sędziejowice_0_2_1,The battle resulted in Polish victory.,Causation,resulted,Cause,The battle,N/A,N/A
17263,Battle_of_Sędziejowice,Battle_of_Sędziejowice_0_2_1,The battle resulted in Polish victory.,Causation,resulted,Effect,in Polish victory,Poles,1
17468,Damour_massacre,Damour_massacre_0_2_7,"Many of its people died in battle or in the massacre that followed, and the others were forced to flee.",Causation,forced,Effect,to flee,N/A,N/A
18909,Battles_at_Göta_Älv,Battles_at_Göta_Älv_0_3_1,"The attacks resulted in the Swedes rebasing their Gothenburg Squadron to Marstrand, some smaller vessels were rebased to Strömstad.",Causation,resulted,Cause,The attacks,N/A,N/A
18910,Battles_at_Göta_Älv,Battles_at_Göta_Älv_0_3_1,"The attacks resulted in the Swedes rebasing their Gothenburg Squadron to Marstrand, some smaller vessels were rebased to Strömstad.",Causation,resulted,Effect,in the Swedes rebasing their Gothenburg Squadron to Marstrand,Gothenburg,1
18911,Battles_at_Göta_Älv,Battles_at_Göta_Älv_0_3_1,"The attacks resulted in the Swedes rebasing their Gothenburg Squadron to Marstrand, some smaller vessels were rebased to Strömstad.",Causation,resulted,Effect,in the Swedes rebasing their Gothenburg Squadron to Marstrand,Gothenburg_Squadron,1
18912,Battles_at_Göta_Älv,Battles_at_Göta_Älv_0_3_1,"The attacks resulted in the Swedes rebasing their Gothenburg Squadron to Marstrand, some smaller vessels were rebased to Strömstad.",Causation,resulted,Effect,in the Swedes rebasing their Gothenburg Squadron to Marstrand,Marstrand,1